id,capacity
1,2625.1666642302953
2,1365.896290891303
3,2159.3304674369847
