id,capacity
1,2669.3181385566604
2,2523.760093987714
3,2030.2777338692422
