id,capacity
1,2864.0174481271506
2,1875.5673298232878
3,2153.7270200966545
